old_file,new_file,old_version,new_version,content_changed,status
20260208_add_cv_url.sql,20260208000001_add_cv_url.sql,20260208,20260208000001,false,renamed
20260208_ai_matching.sql,20260208000002_ai_matching.sql,20260208,20260208000002,false,renamed
20260208_candidates_table.sql,20260208000003_candidates_table.sql,20260208,20260208000003,false,renamed
20260208_debug_count.sql,20260208000004_debug_count.sql,20260208,20260208000004,false,renamed
20260208_disable_rls_projects.sql,20260208000005_disable_rls_projects.sql,20260208,20260208000005,false,renamed
20260208_fix_permissions_final.sql,20260208000006_fix_permissions_final.sql,20260208,20260208000006,true,renamed_and_repaired
20260208_fix_projects_rls.sql,20260208000007_fix_projects_rls.sql,20260208,20260208000007,false,renamed
20260208_fix_storage_policy.sql,20260208000008_fix_storage_policy.sql,20260208,20260208000008,false,renamed
20260208_profile_updates.sql,20260208000009_profile_updates.sql,20260208,20260208000009,false,renamed
20260208_reset_projects_rls.sql,20260208000010_reset_projects_rls.sql,20260208,20260208000010,false,renamed
20260208_storage_candidates.sql,20260208000011_storage_candidates.sql,20260208,20260208000011,true,renamed_and_repaired
20260208_storage_setup.sql,20260208000012_storage_setup.sql,20260208,20260208000012,false,renamed
20260212_centrala_tables.sql,20260212000001_centrala_tables.sql,20260212,20260212000001,false,renamed
20260212_favorite_projects.sql,20260212000002_favorite_projects.sql,20260212,20260212000002,false,renamed
20260212_project_referrals.sql,20260212000003_project_referrals.sql,20260212,20260212000003,false,renamed
20260213_contracts_table.sql,20260213000001_contracts_table.sql,20260213,20260213000001,false,renamed
20260213_notifications_system.sql,20260213000002_notifications_system.sql,20260213,20260213000002,false,renamed
20260215_loyalty_program.sql,20260215000000_loyalty_program.sql,20260215,20260215000000,false,renamed
20260216_availability_overhaul.sql,20260216000001_availability_overhaul.sql,20260216,20260216000001,true,renamed_and_repaired
20260216_chat_attachments.sql,20260216000003_chat_attachments.sql,20260216,20260216000003,false,renamed
20260216_chat_attachments_backup.sql,20260216000004_chat_attachments_backup.sql.disabled,20260216,20260216000004,true,disabled
20260216_document_system.sql,20260216000005_document_system.sql,20260216,20260216000005,false,renamed
20260216_document_system_storage.sql,20260216000006_document_system_storage.sql,20260216,20260216000006,false,renamed
20260218_add_gdpr_to_profiles.sql,20260218000001_add_gdpr_to_profiles.sql,20260218,20260218000001,false,renamed
20260218_ai_document_indexing.sql,20260218000002_ai_document_indexing.sql,20260218,20260218000002,true,renamed_and_repaired
20260218_auth_v1.sql,20260218000003_auth_v1.sql,20260218,20260218000003,false,renamed
20260218_fix_schema_mismatches.sql,20260218000004_fix_schema_mismatches.sql,20260218,20260218000004,false,renamed
20260218_fix_schema_mismatches_v2.sql,20260218000005_fix_schema_mismatches_v2.sql,20260218,20260218000005,false,renamed
20260218_registration_v2.sql,20260218000006_registration_v2.sql,20260218,20260218000006,false,renamed
20260218_registration_v2_reapply.sql,20260218000007_registration_v2_reapply.sql,20260218,20260218000007,false,renamed
20260218_revert_registration_v2.sql,20260218000008_revert_registration_v2.sql,20260218,20260218000008,false,renamed
20260218_verify_and_fix_all.sql,20260218000009_verify_and_fix_all.sql,20260218,20260218000009,false,renamed
20260219_ai_assistant.sql,20260219000001_ai_assistant.sql,20260219,20260219000001,false,renamed
20260219_centrala_management.sql,20260219000002_centrala_management.sql,20260219,20260219000002,false,renamed
20260219_drop_access_mode.sql,20260219000003_drop_access_mode.sql,20260219,20260219000003,false,renamed
20260219_fix_knowledge_rls.sql,20260219000004_fix_knowledge_rls.sql,20260219,20260219000004,false,renamed
20260219_invoices.sql,20260219000005_invoices.sql,20260219,20260219000005,true,renamed_and_repaired
20260219_missing_tables.sql,20260219000006_missing_tables.sql,20260219,20260219000006,false,renamed
20260219_role_permissions.sql,20260219000007_role_permissions.sql,20260219,20260219000007,false,renamed
20260219_super_admin.sql,20260219000008_super_admin.sql,20260219,20260219000008,false,renamed
20260219_unique_recruiter_assignment.sql,20260219000009_unique_recruiter_assignment.sql,20260219,20260219000009,false,renamed
20260220_create_centrala_user.sql,20260220000001_create_centrala_user.sql.disabled,20260220,20260220000001,true,disabled
20260220_enable_rls_projects_candidates.sql,20260220000002_enable_rls_projects_candidates.sql,20260220,20260220000002,false,renamed
20260220_fix_conversation_rls.sql,20260220000003_fix_conversation_rls.sql,20260220,20260220000003,false,renamed
20260220_fix_security_lints.sql,20260220000004_fix_security_lints.sql,20260220,20260220000004,true,renamed_and_repaired
20260220_security_fixes.sql,20260220000005_security_fixes.sql,20260220,20260220000005,true,renamed_and_repaired
20260221_add_phone_to_profiles.sql,20260221000000_add_phone_to_profiles.sql,20260221,20260221000000,false,renamed
20260222_add_theme_to_profiles.sql,20260222000001_add_theme_to_profiles.sql,20260222,20260222000001,false,renamed
20260222_bugfix_import_batches.sql,20260222000002_bugfix_import_batches.sql,20260222,20260222000002,false,renamed
20260222_bugfix_rls_claim.sql,20260222000003_bugfix_rls_claim.sql.disabled,20260222,20260222000003,true,disabled
20260222_etap1a_sync_user_role_rpc.sql,20260222000004_etap1a_sync_user_role_rpc.sql,20260222,20260222000004,false,renamed
20260222_etap1b_fix_candidates_rls.sql,20260222000005_etap1b_fix_candidates_rls.sql,20260222,20260222000005,false,renamed
20260222_etap1c_fix_handle_new_user.sql,20260222000006_etap1c_fix_handle_new_user.sql,20260222,20260222000006,false,renamed
20260222_etap2_candidates_extend.sql,20260222000007_etap2_candidates_extend.sql,20260222,20260222000007,false,renamed
20260222_etap3_indexes_and_onboarding.sql,20260222000008_etap3_indexes_and_onboarding.sql,20260222,20260222000008,false,renamed
20260222_etap9_fix_sync_trigger.sql,20260222000009_etap9_fix_sync_trigger.sql,20260222,20260222000009,false,renamed
20260222_fix_admin_access_list_permissions.sql,20260222000010_fix_admin_access_list_permissions.sql,20260222,20260222000010,false,renamed
20260222_fix_centrala_access_list_permissions.sql,20260222000011_fix_centrala_access_list_permissions.sql,20260222,20260222000011,false,renamed
20260222_fix_match_candidates_search_path.sql,20260222000012_fix_match_candidates_search_path.sql,20260222,20260222000012,false,renamed
20260222_fix_search_path.sql,20260222000013_fix_search_path.sql,20260222,20260222000013,false,renamed
20260223_fix_communicator_rls.sql,20260223000001_fix_communicator_rls.sql,20260223,20260223000001,false,renamed
20260223_fix_communicator_rls_v2.sql,20260223000002_fix_communicator_rls_v2.sql,20260223,20260223000002,false,renamed
20260304_market_rates.sql,20260304000001_market_rates.sql,20260304,20260304000001,false,renamed
20260304_seed_market_rates.sql,20260304000002_seed_market_rates.sql,20260304,20260304000002,false,renamed
20260308_profile_360.sql,20260308000000_profile_360.sql,20260308,20260308000000,false,renamed
20260309_fix_loyalty_tier_trigger.sql,20260309000000_fix_loyalty_tier_trigger.sql,20260309,20260309000000,false,renamed
20260310_candidates_profile_360.sql,20260310000001_candidates_profile_360.sql,20260310,20260310000001,false,renamed
20260310_task_engine.sql,20260310000002_task_engine.sql,20260310,20260310000002,false,renamed
20260311_legal_documents_and_consents.sql,20260311000000_legal_documents_and_consents.sql,20260311,20260311000000,false,renamed
20260428_rate_change_log.sql,20260428000000_rate_change_log.sql,20260428,20260428000000,false,renamed
20260429_lms_akademia.sql,20260429000000_lms_akademia.sql,20260429,20260429000000,false,renamed
20260504000001_phase1_archive_legacy_ats.sql,20260504000001_phase1_archive_legacy_ats.sql,20260504000001,20260504000001,true,content_repaired
20260504500001_phase15_rls_helpers_rewrite.sql,20260504500001_phase15_rls_helpers_rewrite.sql,20260504500001,20260504500001,true,content_repaired
20260507000000_phase16_two_roles_drop_centrala.sql,20260507000000_phase16_two_roles_drop_centrala.sql,20260507000000,20260507000000,true,content_repaired
20260512000003_phase18_sync_user_role_atomic.sql,20260512000003_phase18_sync_user_role_atomic.sql,20260512000003,20260512000003,true,content_repaired
20260514000001_phase19a_finanse_enum.sql,20260514000002_phase19a_finanse_enum.sql,20260514000001,20260514000002,false,renamed
20260514000002_phase19b_invoices_and_helpers.sql,20260514000003_phase19b_invoices_and_helpers.sql,20260514000002,20260514000003,false,renamed
20260514000002_profile_m365_sync.sql,20260514000004_profile_m365_sync.sql,20260514000002,20260514000004,false,renamed
20260514000003_drop_mfa_verification_codes.sql,20260514000005_drop_mfa_verification_codes.sql,20260514000003,20260514000005,false,renamed
20260514000003_phase19c_sync_user_role_finanse.sql,20260514000006_phase19c_sync_user_role_finanse.sql,20260514000003,20260514000006,false,renamed
20260514000003_profile_avatar_source.sql,20260514000007_profile_avatar_source.sql,20260514000003,20260514000007,false,renamed
20260514000004_profile_phone_column.sql,20260514000008_profile_phone_column.sql,20260514000004,20260514000008,false,renamed
20260519000001_phase26a_bonus_assigned_workflow.sql,20260519000002_phase26a_bonus_assigned_workflow.sql,20260519000001,20260519000002,false,renamed
20260519020001_phase26b_inbox_email_ingest.sql,20260519000003_phase26b_inbox_email_ingest.sql,20260519020001,20260519000003,false,renamed
20260519030001_phase26c_inbox_group_id.sql,20260519000004_phase26c_inbox_group_id.sql,20260519030001,20260519000004,false,renamed
20260519040001_phase26d_pivot_to_shared_mailbox.sql,20260519000005_phase26d_pivot_to_shared_mailbox.sql,20260519040001,20260519000005,false,renamed
20260520000001_phase27a_timesheet_overtime_override.sql,20260520000002_phase27a_timesheet_overtime_override.sql,20260520000001,20260520000002,false,renamed
20260521000001_phase27j_leave_outlook_event_id_and_owner_cancel.sql,20260521000002_phase27j_leave_outlook_event_id_and_owner_cancel.sql,20260521000001,20260521000002,false,renamed
20260528000001_phase28a_placements.sql,20260528000002_phase28a_placements.sql,20260528000001,20260528000002,false,renamed
20260528000002_phase28b_placements_support.sql,20260528000003_phase28b_placements_support.sql,20260528000002,20260528000003,false,renamed
20260529000001_fix_user_hard_delete.sql,20260529000002_fix_user_hard_delete.sql,20260529000001,20260529000002,true,renamed_and_repaired
20260606000001_phase33a_contractors.sql,20260606000002_phase33a_contractors.sql,20260606000001,20260606000002,false,renamed
20260606000002_phase33b_contractor_conversations.sql,20260606000003_phase33b_contractor_conversations.sql,20260606000002,20260606000003,false,renamed
20260606000003_phase33c_contractor_interviews.sql,20260606000004_phase33c_contractor_interviews.sql,20260606000003,20260606000004,false,renamed
20260606000004_phase33d_client_movements.sql,20260606000005_phase33d_client_movements.sql,20260606000004,20260606000005,false,renamed
20260608000001_phase39a_contractor_bench.sql,20260608000002_phase39a_contractor_bench.sql,20260608000001,20260608000002,false,renamed
20260608000002_phase37b_unified_tickets.sql,20260608000003_phase37b_unified_tickets.sql,20260608000002,20260608000003,false,renamed
20260608000003_phase37c_sync_triggers.sql,20260608000004_phase37c_sync_triggers.sql,20260608000003,20260608000004,false,renamed
COMPASS/supabase/_archive_scripts/m10_communicator_setup.sql,20260216000002_communicator_setup.sql,archive,20260216000002,true,promoted_to_migration
